574819363099799552,collbrande,Earl＠審神者はじめました,412,"@nulltix 1. 電源タップでクローゼットの中に電源を引き込む。
2. LANケーブルで電源近くまでケーブルを引っ張る。
3. 別途、ADSLやケーブルテレビ、光回線などを契約する。
とりあえず、1番にして無線LAN接続にするのが簡単かと。
クローゼットに機器をしまえますし",2015-03-09 15:29:50 +0900,https://twitter.com/collbrande
574800892823633920,r_a_b_b_i_t,RABBIT!!,2395,RT @bikids: au光、市川市で接続障害？,2015-03-09 14:16:26 +0900,https://twitter.com/r_a_b_b_i_t
574800471858139136,1234omokage,プロバイダ/サーバ/携帯＠相互,805,"『HAYABUSAインターネット接続サービス』
クレジットカードを利用の場合、即日開通可能で大好評です。
新規光回線と同時申し込みでプロバイダ料金が
最大１２ヶ月無料となっています。 
→http://t.co/EL2M3dv9DO",2015-03-09 14:14:46 +0900,https://twitter.com/1234omokage
574790852209307648,koouee,こうえ＠相互フォロー,1217,ー/(H23年1月)用CCFLイカリングフォグランプCCFLホワイト光。CCFL採用でとても明るいです。かなりかっこいいです均一な光を放つリングはナイトシーンでの目立ち度抜群本体は純正と交換して装着します。CCFLは付属のインバーターを接続し、インバーターから出る、赤を+、黒を-,2015-03-09 13:36:32 +0900,https://twitter.com/koouee
574786335803768832,hiki_yose4,比企寄四@フレッツ光申込で豪華プレゼント,1700,"なんといっても速い！
フレッツ光は高速で安定した速度でインターネット接続です。
だから、動画もダウンロードも快適です。　http://t.co/ZvbRSIfeCB",2015-03-09 13:18:36 +0900,https://twitter.com/hiki_yose4
574786308435931136,fumio0678,ふみお,7,ソフトバンク光の開通前コールセンター。平日のみフリーダイヤルは携帯から接続できず。３０分経っても誰も出ない。最終確認もなく機器を送ってくるし、もう間もなく工事ですってどうなってるんだ！！,2015-03-09 13:18:29 +0900,https://twitter.com/fumio0678
